dataset,method,subject,cue_sensitivity,cue_specificity,cue_precision,cue_f1,balanced_acc,episodes,predicted_before_onset_%,detected_%,median_lead_time_s,false_alarms_per_hour,median_cue_off_delay_s,timely_pre_onset_%
DAPHNET,RF controller (primary),1,0.8036,0.5701,0.2223,0.3482,0.6868,23,69.5652,91.3043,12.25,75.7895,15.0,13.0435
DAPHNET,RF controller (primary),2,0.5439,0.832,0.4796,0.5097,0.688,24,33.3333,83.3333,6.5,101.7668,4.0,4.1667
DAPHNET,RF controller (primary),3,0.7972,0.7949,0.5804,0.6717,0.796,48,83.3333,87.5,6.5,100.2985,6.0,20.8333
DAPHNET,RF controller (primary),4,0.0,0.7379,0.0,0.0,0.369,0,0.0,0.0,0.0,97.3913,0.0,0.0
DAPHNET,RF controller (primary),5,0.653,0.91,0.8266,0.7296,0.7815,66,74.2424,93.9394,2.5,63.7321,1.25,48.4848
DAPHNET,RF controller (primary),6,0.5725,0.8497,0.2945,0.3889,0.7111,10,50.0,70.0,13.0,56.0804,6.0,10.0
DAPHNET,RF controller (primary),7,0.7704,0.5646,0.2304,0.3547,0.6675,24,83.3333,87.5,6.75,154.2857,6.5,33.3333
DAPHNET,RF controller (primary),8,0.7352,0.4361,0.4495,0.5579,0.5857,14,71.4286,92.8571,10.75,107.5325,2.5,21.4286
DAPHNET,RF controller (primary),9,0.534,0.9287,0.7269,0.6157,0.7314,27,48.1481,92.5926,1.5,57.931,1.0,48.1481
DAPHNET,RF controller (primary),10,0.0,0.8621,0.0,0.0,0.4311,0,0.0,0.0,0.0,403.5874,0.0,0.0
DAPHNET,LSTM controller (secondary),1,0.8313,0.6396,0.2607,0.397,0.7355,23,78.2609,86.9565,9.25,75.7895,9.5,13.0435
DAPHNET,LSTM controller (secondary),2,0.3349,0.9646,0.7292,0.459,0.6498,24,12.5,58.3333,1.0,25.4417,1.5,8.3333
DAPHNET,LSTM controller (secondary),3,0.9109,0.8799,0.7297,0.8103,0.8954,48,91.6667,95.8333,21.75,7.1642,32.75,14.5833
DAPHNET,LSTM controller (secondary),4,0.0,0.7254,0.0,0.0,0.3627,0,0.0,0.0,0.0,34.7826,0.0,0.0
DAPHNET,LSTM controller (secondary),5,0.5999,0.956,0.8995,0.7198,0.7779,66,45.4545,86.3636,2.75,12.0574,3.0,28.7879
DAPHNET,LSTM controller (secondary),6,0.6819,0.9618,0.6617,0.6717,0.8219,10,40.0,70.0,7.0,1.809,12.5,10.0
DAPHNET,LSTM controller (secondary),7,0.4099,0.9354,0.5176,0.4575,0.6726,24,25.0,54.1667,4.5,6.7081,8.5,8.3333
DAPHNET,LSTM controller (secondary),8,0.5464,0.6927,0.5268,0.5364,0.6195,14,64.2857,92.8571,14.5,56.1039,7.0,14.2857
DAPHNET,LSTM controller (secondary),9,0.6371,0.9124,0.7208,0.6764,0.7747,27,37.037,70.3704,1.25,16.5517,3.0,25.9259
DAPHNET,LSTM controller (secondary),10,0.0,0.9422,0.0,0.0,0.4711,0,0.0,0.0,0.0,38.7444,0.0,0.0
Multimodal FoG,RF controller (primary),1,0.7301,0.8105,0.8153,0.7703,0.7703,22,63.6364,100.0,1.75,119.5219,0.5,59.0909
Multimodal FoG,RF controller (primary),2,0.5,0.925,0.1124,0.1835,0.7125,1,0.0,100.0,0.0,107.2626,2.0,0.0
Multimodal FoG,RF controller (primary),3,0.7517,0.8279,0.981,0.8512,0.7898,30,40.0,100.0,2.0,18.4143,0.5,30.0
Multimodal FoG,RF controller (primary),4,0.5,0.8917,0.7236,0.5914,0.6959,15,40.0,93.3333,1.25,106.2112,0.5,33.3333
Multimodal FoG,RF controller (primary),5,0.0,0.8203,0.0,0.0,0.4101,0,0.0,0.0,0.0,364.7059,0.0,0.0
Multimodal FoG,RF controller (primary),6,0.5682,0.8324,0.7556,0.6486,0.7003,22,40.9091,100.0,1.0,128.935,1.25,36.3636
Multimodal FoG,RF controller (primary),7,0.343,0.9706,0.9725,0.5072,0.6568,30,13.3333,80.0,1.25,5.2478,0.0,13.3333
Multimodal FoG,RF controller (primary),8,0.7874,0.8129,0.8902,0.8357,0.8001,47,57.4468,97.8723,3.5,44.7964,1.5,29.7872
Multimodal FoG,RF controller (primary),9,0.2282,0.8922,0.6056,0.3315,0.5602,38,18.4211,60.5263,1.5,68.1818,0.5,18.4211
Multimodal FoG,RF controller (primary),10,0.8745,0.6073,0.7822,0.8258,0.7409,35,68.5714,100.0,4.5,85.1276,3.5,31.4286
Multimodal FoG,RF controller (primary),11,0.6391,0.7571,0.8206,0.7185,0.6981,51,49.0196,98.0392,1.0,173.6434,0.5,45.098
Multimodal FoG,RF controller (primary),12,0.9424,0.3075,0.3786,0.5402,0.6249,12,91.6667,100.0,10.0,110.9827,29.0,33.3333
Multimodal FoG,LSTM controller (secondary),1,0.9117,0.6396,0.7434,0.819,0.7756,22,81.8182,100.0,4.0,33.4661,6.0,45.4545
Multimodal FoG,LSTM controller (secondary),2,0.9,0.8083,0.0818,0.15,0.8542,1,100.0,100.0,6.5,207.8212,6.0,0.0
Multimodal FoG,LSTM controller (secondary),3,0.844,0.8852,0.9886,0.9106,0.8646,30,46.6667,93.3333,13.75,0.0,5.0,10.0
Multimodal FoG,LSTM controller (secondary),4,0.4742,0.9124,0.7543,0.5823,0.6933,15,20.0,100.0,2.0,67.0807,0.75,20.0
Multimodal FoG,LSTM controller (secondary),5,0.0,0.7141,0.0,0.0,0.357,0,0.0,0.0,0.0,258.8235,0.0,0.0
Multimodal FoG,LSTM controller (secondary),6,0.5287,0.9018,0.8307,0.6461,0.7152,22,9.0909,90.9091,0.5,33.9303,3.0,9.0909
Multimodal FoG,LSTM controller (secondary),7,0.655,0.9647,0.9826,0.786,0.8099,30,33.3333,100.0,0.75,10.4956,1.0,23.3333
Multimodal FoG,LSTM controller (secondary),8,0.7023,0.8626,0.9078,0.792,0.7825,47,44.6809,95.7447,2.0,38.6878,1.0,29.7872
Multimodal FoG,LSTM controller (secondary),9,0.0916,0.9706,0.6932,0.1618,0.5311,38,5.2632,26.3158,2.5,18.1818,0.5,5.2632
Multimodal FoG,LSTM controller (secondary),10,0.876,0.4496,0.7197,0.7902,0.6628,35,85.7143,100.0,3.5,47.0442,10.5,48.5714
Multimodal FoG,LSTM controller (secondary),11,0.5828,0.6899,0.7656,0.6618,0.6363,51,47.0588,84.3137,4.25,58.9147,2.5,23.5294
Multimodal FoG,LSTM controller (secondary),12,0.9938,0.1095,0.3332,0.499,0.5516,12,100.0,100.0,174.5,10.4046,91.0,0.0
