dataset,subject,k_selected,theta_on,theta_off,theta_on_23,theta_off_23
DAPHNET,1,72,0.6,0.1,0.7,0.1
DAPHNET,2,72,0.55,0.1,0.5,0.1
DAPHNET,3,72,0.6,0.1,0.4,0.1
DAPHNET,4,72,0.7,0.1,0.55,0.1
DAPHNET,5,72,0.5,0.1,0.4,0.1
DAPHNET,6,72,0.6,0.1,0.55,0.1
DAPHNET,7,72,0.6,0.1,0.45,0.1
DAPHNET,8,72,0.5,0.2,0.45,0.1
DAPHNET,9,72,0.6,0.1,0.45,0.1
DAPHNET,10,72,0.55,0.1,0.35,0.2
Multimodal FoG,1,40,0.7,0.4,0.75,0.4
Multimodal FoG,2,10,0.8,0.4,0.8,0.4
Multimodal FoG,3,72,0.8,0.3,0.7,0.4
Multimodal FoG,4,10,0.75,0.4,0.75,0.4
Multimodal FoG,5,23,0.75,0.4,0.75,0.4
Multimodal FoG,6,23,0.75,0.4,0.75,0.4
Multimodal FoG,7,40,0.8,0.3,0.8,0.3
Multimodal FoG,8,40,0.75,0.3,0.75,0.3
Multimodal FoG,9,40,0.75,0.4,0.75,0.4
Multimodal FoG,10,40,0.85,0.3,0.75,0.4
Multimodal FoG,11,23,0.75,0.4,0.75,0.4
Multimodal FoG,12,40,0.7,0.4,0.75,0.4
FoG-STAR,1,72,0.65,0.1,0.45,0.2
FoG-STAR,2,40,0.55,0.1,0.55,0.1
FoG-STAR,3,40,0.65,0.1,0.65,0.1
FoG-STAR,4,40,0.5,0.2,0.5,0.2
FoG-STAR,5,23,0.65,0.1,0.65,0.1
FoG-STAR,6,40,0.65,0.1,0.55,0.2
FoG-STAR,7,40,0.65,0.1,0.55,0.2
FoG-STAR,8,40,0.65,0.1,0.55,0.2
FoG-STAR,9,10,0.6,0.1,0.6,0.1
FoG-STAR,10,10,0.65,0.1,0.65,0.1
FoG-STAR,11,23,0.6,0.1,0.6,0.1
FoG-STAR,12,72,0.65,0.1,0.65,0.1
FoG-STAR,13,72,0.5,0.2,0.65,0.1
FoG-STAR,14,40,0.7,0.1,0.55,0.2
FoG-STAR,15,40,0.6,0.1,0.6,0.1
FoG-STAR,16,72,0.65,0.1,0.65,0.1
FoG-STAR,17,23,0.6,0.1,0.6,0.1
FoG-STAR,18,10,0.55,0.2,0.55,0.2
FoG-STAR,19,23,0.5,0.2,0.5,0.2
FoG-STAR,20,10,0.6,0.1,0.5,0.2
FoG-STAR,21,40,0.6,0.1,0.6,0.1
FoG-STAR,22,72,0.5,0.2,0.65,0.1
