dataset,floor,cue_sensitivity,cue_specificity,cue_precision,cue_f1,balanced_acc,episodes,predicted_before_onset_%,detected_%,median_lead_time_s,false_alarms_per_hour,median_cue_off_delay_s,timely_pre_onset_%,event_f1,folds_changed_vs_F1,infeasible_folds,n_folds
DAPHNET,no floor,0.6887,0.7264,0.3467,0.4612,0.7076,236,70.7627,91.5254,5.0,117.7447,4.0,30.5085,0.4979,0,0,10
DAPHNET,floor 0.60,0.6887,0.7335,0.3526,0.4664,0.7111,236,70.7627,91.5254,5.0,110.878,4.0,30.5085,0.5122,1,0,10
DAPHNET,floor 0.65,0.6887,0.7522,0.3694,0.4809,0.7205,236,70.7627,91.5254,5.0,98.3562,4.0,30.5085,0.5406,1,0,10
DAPHNET,floor 0.70,0.6728,0.7698,0.3813,0.4867,0.7213,236,68.2203,89.4068,5.0,127.237,3.75,30.0847,0.4725,4,0,10
DAPHNET,floor 0.75,0.6183,0.8175,0.4167,0.4979,0.7179,236,63.5593,88.5593,2.5,153.8962,2.0,42.7966,0.5288,6,0,10
DAPHNET,floor 0.80,0.5358,0.8615,0.4493,0.4888,0.6987,236,53.3898,86.0169,2.5,155.7139,1.5,37.2881,0.5067,9,0,10
Multimodal FoG,no floor,0.8933,0.4256,0.6396,0.7455,0.6595,303,79.538,97.6898,15.5,44.6161,13.0,17.8218,0.7407,0,0,12
Multimodal FoG,floor 0.60,0.7737,0.648,0.715,0.7432,0.7108,303,61.0561,94.3894,4.0,71.1271,3.0,32.0132,0.7513,11,0,12
Multimodal FoG,floor 0.65,0.7159,0.6872,0.7232,0.7195,0.7016,303,51.4851,90.7591,3.0,85.6758,2.0,31.0231,0.7469,11,0,12
Multimodal FoG,floor 0.70,0.6832,0.7466,0.7548,0.7172,0.7149,303,45.8746,92.0792,2.0,96.0216,1.0,32.3432,0.7548,12,0,12
Multimodal FoG,floor 0.75,0.6182,0.7645,0.7498,0.6777,0.6914,303,32.3432,84.8185,2.5,71.1271,2.0,20.132,0.757,12,0,12
Multimodal FoG,floor 0.80,0.59,0.8155,0.7849,0.6736,0.7027,303,30.6931,88.1188,1.5,75.9767,0.5,23.4323,0.7912,12,0,12
