dataset,subject,run,history_s,gap_prev_s,duration_s,stretch_s
DAPHNET,1,1,40.0,,1.0,1150.0
DAPHNET,1,1,55.0,14.0,0.5,1150.0
DAPHNET,1,1,108.0,52.5,2.5,1150.0
DAPHNET,1,1,136.0,25.5,10.0,1150.0
DAPHNET,1,1,269.0,123.0,3.0,1150.0
DAPHNET,1,1,280.0,8.0,0.5,1150.0
DAPHNET,1,1,569.0,288.5,2.0,1150.0
DAPHNET,1,1,590.0,19.0,0.5,1150.0
DAPHNET,1,1,623.0,32.5,7.0,1150.0
DAPHNET,1,1,743.0,113.0,14.0,1150.0
DAPHNET,1,1,763.5,6.5,2.5,1150.0
DAPHNET,1,1,775.5,9.5,1.5,1150.0
DAPHNET,1,1,790.5,13.5,1.5,1150.0
DAPHNET,1,1,801.0,9.0,13.5,1150.0
DAPHNET,1,1,818.0,3.5,15.0,1150.0
DAPHNET,1,1,1036.5,203.5,1.5,1150.0
DAPHNET,1,1,1042.0,4.0,2.0,1150.0
DAPHNET,1,1,1071.5,27.5,1.0,1150.0
DAPHNET,1,2,228.5,,3.5,450.0
DAPHNET,1,2,285.5,53.5,1.5,450.0
DAPHNET,1,2,289.5,2.5,9.0,450.0
DAPHNET,1,2,327.5,29.0,3.0,450.0
DAPHNET,1,2,341.5,11.0,6.0,450.0
DAPHNET,2,1,181.5,,6.5,400.0
DAPHNET,2,1,201.5,13.5,1.5,400.0
DAPHNET,2,1,206.5,3.5,0.5,400.0
DAPHNET,2,1,208.5,1.5,1.5,400.0
DAPHNET,2,1,215.5,5.5,9.0,400.0
DAPHNET,2,1,231.5,7.0,1.0,400.0
DAPHNET,2,1,235.0,2.5,9.0,400.0
DAPHNET,2,1,253.5,9.5,11.0,400.0
DAPHNET,2,1,272.0,7.5,14.0,400.0
DAPHNET,2,2,185.0,,3.0,1015.0
DAPHNET,2,2,193.5,5.5,12.5,1015.0
DAPHNET,2,2,231.0,25.0,11.5,1015.0
DAPHNET,2,2,296.0,53.5,11.5,1015.0
DAPHNET,2,2,316.5,9.0,13.0,1015.0
DAPHNET,2,2,338.0,8.5,8.0,1015.0
DAPHNET,2,2,352.0,6.0,7.0,1015.0
DAPHNET,2,2,360.0,1.0,4.5,1015.0
DAPHNET,2,2,366.5,2.0,5.5,1015.0
DAPHNET,2,2,374.0,2.0,9.5,1015.0
DAPHNET,2,2,395.0,11.5,5.5,1015.0
DAPHNET,2,2,405.5,5.0,18.5,1015.0
DAPHNET,2,2,802.0,378.0,6.0,1015.0
DAPHNET,2,2,829.0,21.0,7.0,1015.0
DAPHNET,2,2,898.0,62.0,4.0,1015.0
DAPHNET,3,1,19.5,,7.5,860.0
DAPHNET,3,1,114.5,87.5,5.5,860.0
DAPHNET,3,1,122.5,2.5,4.0,860.0
DAPHNET,3,1,147.0,20.5,9.0,860.0
DAPHNET,3,1,179.0,23.0,17.0,860.0
DAPHNET,3,1,221.0,25.0,8.0,860.0
DAPHNET,3,1,244.0,15.0,10.5,860.0
DAPHNET,3,1,497.5,243.0,2.0,860.0
DAPHNET,3,1,510.0,10.5,2.5,860.0
DAPHNET,3,1,514.5,2.0,1.0,860.0
DAPHNET,3,1,516.5,1.0,2.0,860.0
DAPHNET,3,1,526.5,8.0,1.0,860.0
DAPHNET,3,1,553.0,25.5,1.0,860.0
DAPHNET,3,1,561.0,7.0,9.5,860.0
DAPHNET,3,1,601.5,31.0,20.5,860.0
DAPHNET,3,1,634.5,12.5,3.5,860.0
DAPHNET,3,1,639.5,1.5,14.0,860.0
DAPHNET,3,1,659.0,5.5,3.0,860.0
DAPHNET,3,1,665.0,3.0,3.5,860.0
DAPHNET,3,1,14.5,,1.0,560.0
DAPHNET,3,1,21.5,6.0,3.0,560.0
DAPHNET,3,1,26.0,1.5,5.5,560.0
DAPHNET,3,1,35.5,4.0,6.0,560.0
DAPHNET,3,1,43.5,2.0,6.5,560.0
DAPHNET,3,1,59.0,9.0,5.5,560.0
DAPHNET,3,1,71.0,6.5,2.5,560.0
DAPHNET,3,1,77.0,3.5,1.5,560.0
DAPHNET,3,1,93.5,15.0,5.0,560.0
DAPHNET,3,1,102.5,4.0,4.0,560.0
DAPHNET,3,1,113.0,6.5,6.0,560.0
DAPHNET,3,1,124.5,5.5,8.0,560.0
DAPHNET,3,1,136.0,3.5,10.5,560.0
DAPHNET,3,1,316.0,169.5,4.5,560.0
DAPHNET,3,1,333.5,13.0,4.5,560.0
DAPHNET,3,1,341.0,3.0,6.5,560.0
DAPHNET,3,1,350.5,3.0,11.5,560.0
DAPHNET,3,1,366.5,4.5,12.5,560.0
DAPHNET,3,1,381.5,2.5,1.0,560.0
DAPHNET,3,1,401.0,18.5,1.5,560.0
DAPHNET,3,1,413.5,11.0,1.0,560.0
DAPHNET,3,1,427.5,13.0,3.0,560.0
DAPHNET,3,1,432.0,1.5,11.0,560.0
DAPHNET,3,2,64.0,,9.5,260.0
DAPHNET,3,2,82.5,9.0,1.0,260.0
DAPHNET,3,2,86.0,2.5,5.0,260.0
DAPHNET,3,2,92.0,1.0,1.5,260.0
DAPHNET,3,2,98.0,4.5,10.0,260.0
DAPHNET,3,2,111.5,3.5,8.0,260.0
DAPHNET,5,1,57.5,,3.0,310.0
DAPHNET,5,1,75.0,14.5,3.5,310.0
DAPHNET,5,1,93.5,15.0,4.0,310.0
DAPHNET,5,1,109.5,12.0,5.5,310.0
DAPHNET,5,1,261.0,146.0,2.5,310.0
DAPHNET,5,1,15.5,,3.5,380.0
DAPHNET,5,1,27.0,8.0,8.0,380.0
DAPHNET,5,1,40.0,5.0,8.5,380.0
DAPHNET,5,1,56.0,7.5,14.5,380.0
DAPHNET,5,1,76.0,5.5,10.5,380.0
DAPHNET,5,1,88.5,2.0,4.0,380.0
DAPHNET,5,1,98.5,6.0,7.0,380.0
DAPHNET,5,1,107.5,2.0,15.5,380.0
DAPHNET,5,1,125.0,2.0,3.0,380.0
DAPHNET,5,1,143.5,15.5,7.5,380.0
DAPHNET,5,1,154.5,3.5,5.0,380.0
DAPHNET,5,1,165.0,5.5,2.0,380.0
DAPHNET,5,1,170.0,3.0,5.5,380.0
DAPHNET,5,1,199.5,24.0,2.5,380.0
DAPHNET,5,1,205.0,3.0,6.5,380.0
DAPHNET,5,1,215.5,4.0,11.5,380.0
DAPHNET,5,1,229.0,2.0,3.0,380.0
DAPHNET,5,1,278.5,46.5,1.5,380.0
DAPHNET,5,1,283.0,3.0,4.5,380.0
DAPHNET,5,1,295.0,7.5,2.5,380.0
DAPHNET,5,1,29.0,,1.0,220.0
DAPHNET,5,1,31.5,1.5,13.5,220.0
DAPHNET,5,1,86.5,41.5,10.0,220.0
DAPHNET,5,1,113.5,17.0,0.5,220.0
DAPHNET,5,1,128.5,14.5,9.5,220.0
DAPHNET,5,1,164.5,26.5,15.0,220.0
DAPHNET,5,1,13.5,,8.0,150.0
DAPHNET,5,1,25.0,3.5,5.0,150.0
DAPHNET,5,1,34.5,4.5,6.5,150.0
DAPHNET,5,1,42.0,1.0,6.0,150.0
DAPHNET,5,1,54.0,6.0,6.0,150.0
DAPHNET,5,1,63.5,3.5,8.5,150.0
DAPHNET,5,1,80.5,8.5,11.5,150.0
DAPHNET,5,1,98.5,6.5,6.0,150.0
DAPHNET,5,1,106.5,2.0,15.5,150.0
DAPHNET,5,2,91.5,,5.0,560.0
DAPHNET,5,2,110.0,13.5,6.0,560.0
DAPHNET,5,2,160.0,44.0,2.0,560.0
DAPHNET,5,2,166.5,4.5,4.5,560.0
DAPHNET,5,2,174.0,3.0,18.5,560.0
DAPHNET,5,2,198.0,5.5,28.5,560.0
DAPHNET,5,2,231.0,4.5,6.5,560.0
DAPHNET,5,2,245.5,8.0,1.5,560.0
DAPHNET,5,2,249.5,2.5,8.5,560.0
DAPHNET,5,2,265.5,7.5,10.0,560.0
DAPHNET,5,2,313.5,38.0,4.0,560.0
DAPHNET,5,2,380.5,63.0,7.5,560.0
DAPHNET,5,2,392.0,4.0,4.0,560.0
DAPHNET,5,2,421.0,25.0,5.5,560.0
DAPHNET,5,2,443.0,16.5,7.0,560.0
DAPHNET,5,2,271.5,,1.0,470.0
DAPHNET,5,2,288.5,16.0,3.0,470.0
DAPHNET,5,2,306.5,15.0,4.5,470.0
DAPHNET,5,2,341.0,30.0,5.0,470.0
DAPHNET,5,2,353.0,7.0,5.0,470.0
DAPHNET,5,2,364.5,6.5,22.0,470.0
DAPHNET,5,2,394.0,7.5,18.5,470.0
DAPHNET,5,2,419.5,7.0,6.5,470.0
DAPHNET,5,2,427.5,1.5,3.5,470.0
DAPHNET,5,2,436.0,5.0,9.0,470.0
DAPHNET,5,2,447.0,2.0,5.0,470.0
DAPHNET,6,1,302.5,,2.0,800.0
DAPHNET,6,1,323.5,19.0,6.5,800.0
DAPHNET,6,1,333.5,3.5,29.0,800.0
DAPHNET,6,1,413.5,51.0,19.5,800.0
DAPHNET,6,1,440.0,7.0,40.5,800.0
DAPHNET,6,1,527.5,47.0,24.5,800.0
DAPHNET,6,1,633.5,81.5,3.0,800.0
DAPHNET,6,1,390.5,,1.5,480.0
DAPHNET,6,1,408.5,16.5,2.5,480.0
DAPHNET,6,1,26.5,,1.0,400.0
DAPHNET,7,1,35.5,,4.0,1160.0
DAPHNET,7,1,83.0,43.5,2.5,1160.0
DAPHNET,7,1,123.5,38.0,2.5,1160.0
DAPHNET,7,1,239.0,113.0,9.5,1160.0
DAPHNET,7,1,281.0,32.5,1.0,1160.0
DAPHNET,7,1,311.0,29.0,4.0,1160.0
DAPHNET,7,1,323.0,8.0,3.0,1160.0
DAPHNET,7,1,359.0,33.0,1.0,1160.0
DAPHNET,7,1,851.5,491.5,1.0,1160.0
DAPHNET,7,1,926.5,74.0,3.0,1160.0
DAPHNET,7,1,950.5,21.0,3.0,1160.0
DAPHNET,7,1,963.0,9.5,1.5,1160.0
DAPHNET,7,1,970.5,6.0,2.0,1160.0
DAPHNET,7,1,983.5,11.0,11.0,1160.0
DAPHNET,7,1,1009.0,14.5,5.5,1160.0
DAPHNET,7,1,1035.0,20.5,3.0,1160.0
DAPHNET,7,2,207.0,,1.0,450.0
DAPHNET,7,2,212.5,4.5,0.5,450.0
DAPHNET,7,2,237.5,24.5,2.5,450.0
DAPHNET,7,2,243.0,3.0,5.0,450.0
DAPHNET,7,2,266.0,18.0,1.0,450.0
DAPHNET,7,2,275.5,8.5,1.0,450.0
DAPHNET,7,2,285.5,9.0,7.0,450.0
DAPHNET,7,2,295.5,3.0,1.0,450.0
DAPHNET,8,1,109.0,,21.0,230.0
DAPHNET,8,1,187.0,57.0,13.0,230.0
DAPHNET,8,1,21.0,,20.0,160.0
DAPHNET,8,1,50.0,9.0,20.0,160.0
DAPHNET,8,1,94.5,24.5,17.5,160.0
DAPHNET,8,1,125.5,13.5,13.0,160.0
DAPHNET,8,1,72.0,,2.0,210.0
DAPHNET,8,1,90.0,16.0,5.5,210.0
DAPHNET,8,1,131.5,36.0,8.5,210.0
DAPHNET,8,1,22.5,,10.5,170.0
DAPHNET,8,1,57.0,24.0,21.5,170.0
DAPHNET,8,1,100.5,22.0,16.5,170.0
DAPHNET,8,1,126.0,9.0,20.0,170.0
DAPHNET,8,1,157.5,11.5,10.0,170.0
DAPHNET,9,1,37.5,,1.0,150.0
DAPHNET,9,1,89.0,50.5,2.0,150.0
DAPHNET,9,1,105.0,14.0,0.5,150.0
DAPHNET,9,1,123.5,18.0,1.5,150.0
DAPHNET,9,1,21.5,,22.0,170.0
DAPHNET,9,1,53.5,10.0,13.5,170.0
DAPHNET,9,1,81.5,14.5,3.0,170.0
DAPHNET,9,1,90.0,5.5,15.0,170.0
DAPHNET,9,1,118.0,13.0,8.5,170.0
DAPHNET,9,1,137.5,11.0,9.0,170.0
DAPHNET,9,1,22.0,,28.5,550.0
DAPHNET,9,1,75.5,25.0,25.5,550.0
DAPHNET,9,1,120.5,19.5,3.0,550.0
DAPHNET,9,1,144.5,21.0,37.0,550.0
DAPHNET,9,1,191.5,10.0,20.0,550.0
DAPHNET,9,1,67.0,,4.5,720.0
DAPHNET,9,1,166.0,94.5,1.5,720.0
DAPHNET,9,1,255.0,87.5,15.0,720.0
DAPHNET,9,1,284.5,14.5,2.0,720.0
DAPHNET,9,1,304.0,17.5,15.0,720.0
DAPHNET,9,1,330.5,11.5,8.0,720.0
DAPHNET,9,1,349.5,11.0,12.5,720.0
DAPHNET,9,1,377.0,15.0,2.0,720.0
DAPHNET,9,1,390.0,11.0,7.0,720.0
DAPHNET,9,1,561.5,164.5,2.0,720.0
DAPHNET,9,1,574.0,10.5,4.5,720.0
DAPHNET,9,1,30.5,,4.5,150.0
Multimodal FoG,1,1,28.0,,35.0,361.0
Multimodal FoG,1,1,66.0,3.0,3.0,361.0
Multimodal FoG,1,1,89.0,20.0,13.0,361.0
Multimodal FoG,1,1,119.0,17.0,32.0,361.0
Multimodal FoG,1,1,178.0,27.0,9.0,361.0
Multimodal FoG,1,1,205.0,18.0,12.0,361.0
Multimodal FoG,1,1,239.0,22.0,13.0,361.0
Multimodal FoG,1,1,270.0,18.0,6.0,361.0
Multimodal FoG,1,1,279.0,3.0,5.0,361.0
Multimodal FoG,1,1,311.0,27.0,3.0,361.0
Multimodal FoG,1,2,25.0,,4.0,332.0
Multimodal FoG,1,2,45.0,16.0,11.0,332.0
Multimodal FoG,1,2,74.0,18.0,15.0,332.0
Multimodal FoG,1,2,116.0,27.0,5.0,332.0
Multimodal FoG,1,2,124.0,3.0,10.0,332.0
Multimodal FoG,1,2,148.0,14.0,11.0,332.0
Multimodal FoG,1,2,175.0,16.0,9.0,332.0
Multimodal FoG,1,2,194.0,10.0,11.0,332.0
Multimodal FoG,1,2,220.0,15.0,6.0,332.0
Multimodal FoG,1,2,234.0,8.0,20.0,332.0
Multimodal FoG,1,2,269.0,15.0,22.0,332.0
Multimodal FoG,1,2,309.0,18.0,5.0,332.0
Multimodal FoG,2,4,20.0,,3.0,29.0
Multimodal FoG,3,1,6.0,,4.0,631.0
Multimodal FoG,3,1,17.0,7.0,18.0,631.0
Multimodal FoG,3,1,37.0,2.0,2.0,631.0
Multimodal FoG,3,1,41.0,2.0,33.0,631.0
Multimodal FoG,3,1,81.0,7.0,9.0,631.0
Multimodal FoG,3,1,94.0,4.0,15.0,631.0
Multimodal FoG,3,1,111.0,2.0,40.0,631.0
Multimodal FoG,3,1,152.0,1.0,13.0,631.0
Multimodal FoG,3,1,177.0,12.0,5.0,631.0
Multimodal FoG,3,1,193.0,11.0,9.0,631.0
Multimodal FoG,3,1,230.0,28.0,99.0,631.0
Multimodal FoG,3,1,336.0,7.0,7.0,631.0
Multimodal FoG,3,1,364.0,21.0,3.0,631.0
Multimodal FoG,3,1,368.0,1.0,39.0,631.0
Multimodal FoG,3,1,414.0,7.0,7.0,631.0
Multimodal FoG,3,1,424.0,3.0,6.0,631.0
Multimodal FoG,3,1,436.0,6.0,2.0,631.0
Multimodal FoG,3,1,439.0,1.0,1.0,631.0
Multimodal FoG,3,1,450.0,10.0,10.0,631.0
Multimodal FoG,3,1,469.0,9.0,119.0,631.0
Multimodal FoG,3,1,596.0,8.0,33.0,631.0
Multimodal FoG,3,2,3.0,,11.0,76.0
Multimodal FoG,3,2,15.0,1.0,3.0,76.0
Multimodal FoG,3,2,23.0,5.0,22.0,76.0
Multimodal FoG,3,2,46.0,1.0,1.0,76.0
Multimodal FoG,3,2,52.0,5.0,7.0,76.0
Multimodal FoG,3,2,62.0,3.0,9.0,76.0
Multimodal FoG,3,3,9.0,,3.0,75.0
Multimodal FoG,3,3,13.0,1.0,28.0,75.0
Multimodal FoG,3,3,49.0,8.0,22.0,75.0
Multimodal FoG,4,2,16.0,,9.0,360.0
Multimodal FoG,4,2,29.0,4.0,4.0,360.0
Multimodal FoG,4,2,46.0,13.0,7.0,360.0
Multimodal FoG,4,2,59.0,6.0,4.0,360.0
Multimodal FoG,4,2,72.0,9.0,5.0,360.0
Multimodal FoG,4,2,83.0,6.0,9.0,360.0
Multimodal FoG,4,2,102.0,10.0,10.0,360.0
Multimodal FoG,4,2,154.0,42.0,11.0,360.0
Multimodal FoG,4,2,171.0,6.0,13.0,360.0
Multimodal FoG,4,2,225.0,41.0,9.0,360.0
Multimodal FoG,4,2,253.0,19.0,25.0,360.0
Multimodal FoG,4,2,309.0,31.0,9.0,360.0
Multimodal FoG,4,2,325.0,7.0,5.0,360.0
Multimodal FoG,4,4,6.0,,5.0,32.0
Multimodal FoG,4,5,16.0,,9.0,37.0
Multimodal FoG,6,1,37.0,,15.0,454.0
Multimodal FoG,6,1,79.0,27.0,6.0,454.0
Multimodal FoG,6,1,120.0,35.0,21.0,454.0
Multimodal FoG,6,1,191.0,50.0,32.0,454.0
Multimodal FoG,6,1,244.0,21.0,16.0,454.0
Multimodal FoG,6,1,313.0,53.0,8.0,454.0
Multimodal FoG,6,1,355.0,34.0,13.0,454.0
Multimodal FoG,6,1,390.0,22.0,16.0,454.0
Multimodal FoG,6,1,438.0,32.0,7.0,454.0
Multimodal FoG,6,2,37.0,,6.0,475.0
Multimodal FoG,6,2,46.0,3.0,18.0,475.0
Multimodal FoG,6,2,89.0,25.0,11.0,475.0
Multimodal FoG,6,2,135.0,35.0,25.0,475.0
Multimodal FoG,6,2,197.0,37.0,17.0,475.0
Multimodal FoG,6,2,238.0,24.0,30.0,475.0
Multimodal FoG,6,2,355.0,87.0,22.0,475.0
Multimodal FoG,6,2,401.0,24.0,21.0,475.0
Multimodal FoG,6,2,461.0,39.0,5.0,475.0
Multimodal FoG,6,3,14.0,,14.0,66.0
Multimodal FoG,6,3,37.0,9.0,20.0,66.0
Multimodal FoG,6,4,17.0,,13.0,66.0
Multimodal FoG,6,4,40.0,10.0,20.0,66.0
Multimodal FoG,7,1,6.0,,2.0,297.0
Multimodal FoG,7,1,14.0,6.0,3.0,297.0
Multimodal FoG,7,1,26.0,9.0,3.0,297.0
Multimodal FoG,7,1,32.0,3.0,5.0,297.0
Multimodal FoG,7,1,50.0,13.0,8.0,297.0
Multimodal FoG,7,1,78.0,20.0,14.0,297.0
Multimodal FoG,7,1,116.0,24.0,16.0,297.0
Multimodal FoG,7,1,145.0,13.0,12.0,297.0
Multimodal FoG,7,1,174.0,17.0,6.0,297.0
Multimodal FoG,7,1,195.0,15.0,8.0,297.0
Multimodal FoG,7,1,204.0,1.0,38.0,297.0
Multimodal FoG,7,1,257.0,15.0,4.0,297.0
Multimodal FoG,7,1,269.0,8.0,22.0,297.0
Multimodal FoG,7,2,22.0,,3.0,287.0
Multimodal FoG,7,2,28.0,3.0,4.0,287.0
Multimodal FoG,7,2,45.0,13.0,12.0,287.0
Multimodal FoG,7,2,74.0,17.0,16.0,287.0
Multimodal FoG,7,2,115.0,25.0,13.0,287.0
Multimodal FoG,7,2,142.0,14.0,12.0,287.0
Multimodal FoG,7,2,173.0,19.0,9.0,287.0
Multimodal FoG,7,2,196.0,14.0,18.0,287.0
Multimodal FoG,7,2,226.0,12.0,19.0,287.0
Multimodal FoG,7,2,256.0,11.0,4.0,287.0
Multimodal FoG,7,2,267.0,7.0,14.0,287.0
Multimodal FoG,7,3,4.0,,6.0,50.0
Multimodal FoG,7,3,15.0,5.0,14.0,50.0
Multimodal FoG,7,3,32.0,3.0,12.0,50.0
Multimodal FoG,7,4,4.0,,4.0,52.0
Multimodal FoG,7,4,12.0,4.0,13.0,52.0
Multimodal FoG,7,4,29.0,4.0,19.0,52.0
Multimodal FoG,8,1,32.0,,21.0,437.0
Multimodal FoG,8,1,66.0,13.0,4.0,437.0
Multimodal FoG,8,1,85.0,15.0,48.0,437.0
Multimodal FoG,8,1,153.0,20.0,40.0,437.0
Multimodal FoG,8,1,206.0,13.0,2.0,437.0
Multimodal FoG,8,1,210.0,2.0,31.0,437.0
Multimodal FoG,8,1,248.0,7.0,6.0,437.0
Multimodal FoG,8,1,294.0,40.0,24.0,437.0
Multimodal FoG,8,1,336.0,18.0,29.0,437.0
Multimodal FoG,8,2,17.0,,6.0,367.0
Multimodal FoG,8,2,29.0,6.0,19.0,367.0
Multimodal FoG,8,2,82.0,34.0,27.0,367.0
Multimodal FoG,8,2,128.0,19.0,53.0,367.0
Multimodal FoG,8,2,194.0,13.0,50.0,367.0
Multimodal FoG,8,2,262.0,18.0,5.0,367.0
Multimodal FoG,8,2,286.0,19.0,5.0,367.0
Multimodal FoG,8,2,292.0,1.0,5.0,367.0
Multimodal FoG,8,2,311.0,14.0,13.0,367.0
Multimodal FoG,8,2,339.0,15.0,2.0,367.0
Multimodal FoG,8,3,4.0,,11.0,50.0
Multimodal FoG,8,3,18.0,3.0,11.0,50.0
Multimodal FoG,8,4,8.0,,5.0,28.0
Multimodal FoG,8,5,8.0,,4.0,25.0
Multimodal FoG,8,6,11.0,,12.0,373.0
Multimodal FoG,8,6,32.0,9.0,6.0,373.0
Multimodal FoG,8,6,67.0,29.0,52.0,373.0
Multimodal FoG,8,6,130.0,11.0,4.0,373.0
Multimodal FoG,8,6,142.0,8.0,46.0,373.0
Multimodal FoG,8,6,199.0,11.0,3.0,373.0
Multimodal FoG,8,6,205.0,3.0,31.0,373.0
Multimodal FoG,8,6,239.0,3.0,14.0,373.0
Multimodal FoG,8,6,266.0,13.0,6.0,373.0
Multimodal FoG,8,6,294.0,22.0,16.0,373.0
Multimodal FoG,8,6,324.0,14.0,13.0,373.0
Multimodal FoG,8,7,11.0,,3.0,375.0
Multimodal FoG,8,7,22.0,8.0,12.0,375.0
Multimodal FoG,8,7,63.0,29.0,6.0,375.0
Multimodal FoG,8,7,72.0,3.0,27.0,375.0
Multimodal FoG,8,7,147.0,48.0,58.0,375.0
Multimodal FoG,8,7,208.0,3.0,10.0,375.0
Multimodal FoG,8,7,233.0,15.0,34.0,375.0
Multimodal FoG,8,7,295.0,28.0,15.0,375.0
Multimodal FoG,8,7,327.0,17.0,19.0,375.0
Multimodal FoG,8,8,5.0,,37.0,72.0
Multimodal FoG,8,8,47.0,5.0,7.0,72.0
Multimodal FoG,8,9,4.0,,17.0,41.0
Multimodal FoG,8,9,25.0,4.0,3.0,41.0
Multimodal FoG,9,1,97.0,,4.0,198.0
Multimodal FoG,9,1,103.0,2.0,1.0,198.0
Multimodal FoG,9,1,140.0,36.0,3.0,198.0
Multimodal FoG,9,1,145.0,2.0,2.0,198.0
Multimodal FoG,9,1,168.0,21.0,3.0,198.0
Multimodal FoG,9,2,15.0,,2.0,238.0
Multimodal FoG,9,2,26.0,9.0,2.0,238.0
Multimodal FoG,9,2,32.0,4.0,3.0,238.0
Multimodal FoG,9,2,71.0,36.0,4.0,238.0
Multimodal FoG,9,2,97.0,22.0,4.0,238.0
Multimodal FoG,9,2,134.0,33.0,2.0,238.0
Multimodal FoG,9,2,151.0,15.0,2.0,238.0
Multimodal FoG,9,2,182.0,29.0,2.0,238.0
Multimodal FoG,9,2,197.0,13.0,2.0,238.0
Multimodal FoG,9,2,201.0,2.0,1.0,238.0
Multimodal FoG,9,2,204.0,2.0,2.0,238.0
Multimodal FoG,9,2,217.0,11.0,2.0,238.0
Multimodal FoG,9,3,11.0,,3.0,282.0
Multimodal FoG,9,3,16.0,2.0,3.0,282.0
Multimodal FoG,9,3,27.0,8.0,3.0,282.0
Multimodal FoG,9,3,35.0,5.0,2.0,282.0
Multimodal FoG,9,3,49.0,12.0,5.0,282.0
Multimodal FoG,9,3,68.0,14.0,4.0,282.0
Multimodal FoG,9,3,73.0,1.0,2.0,282.0
Multimodal FoG,9,3,133.0,58.0,8.0,282.0
Multimodal FoG,9,3,159.0,18.0,2.0,282.0
Multimodal FoG,9,3,183.0,22.0,4.0,282.0
Multimodal FoG,9,3,204.0,17.0,4.0,282.0
Multimodal FoG,9,3,214.0,6.0,3.0,282.0
Multimodal FoG,9,3,239.0,22.0,2.0,282.0
Multimodal FoG,9,3,264.0,23.0,3.0,282.0
Multimodal FoG,9,3,275.0,8.0,3.0,282.0
Multimodal FoG,9,4,10.0,,5.0,23.0
Multimodal FoG,9,4,18.0,3.0,4.0,23.0
Multimodal FoG,9,5,11.0,,5.0,26.0
Multimodal FoG,9,5,20.0,4.0,3.0,26.0
Multimodal FoG,9,6,11.0,,5.0,25.0
Multimodal FoG,9,6,20.0,4.0,3.0,25.0
Multimodal FoG,10,1,47.0,,7.0,804.0
Multimodal FoG,10,1,65.0,11.0,10.0,804.0
Multimodal FoG,10,1,110.0,35.0,9.0,804.0
Multimodal FoG,10,1,135.0,16.0,4.0,804.0
Multimodal FoG,10,1,163.0,24.0,24.0,804.0
Multimodal FoG,10,1,228.0,41.0,61.0,804.0
Multimodal FoG,10,1,313.0,24.0,64.0,804.0
Multimodal FoG,10,1,453.0,76.0,12.0,804.0
Multimodal FoG,10,1,481.0,16.0,24.0,804.0
Multimodal FoG,10,1,518.0,13.0,11.0,804.0
Multimodal FoG,10,1,531.0,2.0,6.0,804.0
Multimodal FoG,10,1,572.0,35.0,47.0,804.0
Multimodal FoG,10,1,623.0,4.0,11.0,804.0
Multimodal FoG,10,1,657.0,23.0,59.0,804.0
Multimodal FoG,10,1,753.0,37.0,42.0,804.0
Multimodal FoG,10,2,30.0,,2.0,644.0
Multimodal FoG,10,2,58.0,26.0,44.0,644.0
Multimodal FoG,10,2,133.0,31.0,28.0,644.0
Multimodal FoG,10,2,168.0,7.0,13.0,644.0
Multimodal FoG,10,2,211.0,30.0,45.0,644.0
Multimodal FoG,10,2,272.0,16.0,29.0,644.0
Multimodal FoG,10,2,302.0,1.0,4.0,644.0
Multimodal FoG,10,2,320.0,14.0,7.0,644.0
Multimodal FoG,10,2,377.0,50.0,56.0,644.0
Multimodal FoG,10,2,444.0,11.0,17.0,644.0
Multimodal FoG,10,2,474.0,13.0,9.0,644.0
Multimodal FoG,10,2,520.0,37.0,12.0,644.0
Multimodal FoG,10,2,561.0,29.0,45.0,644.0
Multimodal FoG,10,2,619.0,13.0,14.0,644.0
Multimodal FoG,10,3,28.0,,11.0,80.0
Multimodal FoG,10,3,41.0,2.0,9.0,80.0
Multimodal FoG,10,3,61.0,11.0,10.0,80.0
Multimodal FoG,10,4,22.0,,2.0,79.0
Multimodal FoG,10,4,35.0,11.0,12.0,79.0
Multimodal FoG,10,4,61.0,14.0,6.0,79.0
Multimodal FoG,11,1,33.0,,17.0,589.0
Multimodal FoG,11,1,51.0,1.0,5.0,589.0
Multimodal FoG,11,1,60.0,4.0,7.0,589.0
Multimodal FoG,11,1,68.0,1.0,40.0,589.0
Multimodal FoG,11,1,123.0,15.0,43.0,589.0
Multimodal FoG,11,1,169.0,3.0,7.0,589.0
Multimodal FoG,11,1,196.0,20.0,6.0,589.0
Multimodal FoG,11,1,204.0,2.0,2.0,589.0
Multimodal FoG,11,1,207.0,1.0,2.0,589.0
Multimodal FoG,11,1,280.0,71.0,5.0,589.0
Multimodal FoG,11,1,287.0,2.0,2.0,589.0
Multimodal FoG,11,1,296.0,7.0,6.0,589.0
Multimodal FoG,11,1,326.0,24.0,12.0,589.0
Multimodal FoG,11,1,340.0,2.0,2.0,589.0
Multimodal FoG,11,1,349.0,7.0,6.0,589.0
Multimodal FoG,11,1,370.0,15.0,8.0,589.0
Multimodal FoG,11,1,392.0,14.0,22.0,589.0
Multimodal FoG,11,1,437.0,23.0,4.0,589.0
Multimodal FoG,11,1,450.0,9.0,15.0,589.0
Multimodal FoG,11,1,483.0,18.0,4.0,589.0
Multimodal FoG,11,1,488.0,1.0,2.0,589.0
Multimodal FoG,11,1,500.0,10.0,4.0,589.0
Multimodal FoG,11,1,542.0,38.0,34.0,589.0
Multimodal FoG,11,2,8.0,,2.0,453.0
Multimodal FoG,11,2,30.0,20.0,7.0,453.0
Multimodal FoG,11,2,40.0,3.0,4.0,453.0
Multimodal FoG,11,2,46.0,2.0,10.0,453.0
Multimodal FoG,11,2,58.0,2.0,2.0,453.0
Multimodal FoG,11,2,80.0,20.0,15.0,453.0
Multimodal FoG,11,2,129.0,34.0,5.0,453.0
Multimodal FoG,11,2,140.0,6.0,7.0,453.0
Multimodal FoG,11,2,149.0,2.0,5.0,453.0
Multimodal FoG,11,2,193.0,39.0,7.0,453.0
Multimodal FoG,11,2,202.0,2.0,2.0,453.0
Multimodal FoG,11,2,207.0,3.0,4.0,453.0
Multimodal FoG,11,2,212.0,1.0,6.0,453.0
Multimodal FoG,11,2,241.0,23.0,11.0,453.0
Multimodal FoG,11,2,256.0,4.0,17.0,453.0
Multimodal FoG,11,2,298.0,25.0,3.0,453.0
Multimodal FoG,11,2,305.0,4.0,6.0,453.0
Multimodal FoG,11,2,338.0,27.0,3.0,453.0
Multimodal FoG,11,2,351.0,10.0,7.0,453.0
Multimodal FoG,11,2,378.0,20.0,7.0,453.0
Multimodal FoG,11,2,397.0,12.0,4.0,453.0
Multimodal FoG,11,2,427.0,26.0,17.0,453.0
Multimodal FoG,11,3,4.0,,2.0,66.0
Multimodal FoG,11,3,11.0,5.0,34.0,66.0
Multimodal FoG,11,3,54.0,9.0,5.0,66.0
Multimodal FoG,11,4,5.0,,1.0,53.0
Multimodal FoG,11,4,11.0,5.0,12.0,53.0
Multimodal FoG,11,4,28.0,5.0,13.0,53.0
Multimodal FoG,12,1,156.0,,8.0,519.0
Multimodal FoG,12,1,203.0,39.0,4.0,519.0
Multimodal FoG,12,1,243.0,36.0,17.0,519.0
Multimodal FoG,12,1,282.0,22.0,18.0,519.0
Multimodal FoG,12,1,302.0,2.0,5.0,519.0
Multimodal FoG,12,1,342.0,35.0,32.0,519.0
Multimodal FoG,12,1,502.0,128.0,9.0,519.0
Multimodal FoG,12,4,60.0,,42.0,374.0
Multimodal FoG,12,4,105.0,3.0,29.0,374.0
Multimodal FoG,12,4,161.0,27.0,12.0,374.0
Multimodal FoG,12,4,197.0,24.0,46.0,374.0
Multimodal FoG,12,4,311.0,68.0,24.0,374.0
FoG-STAR,1,3,24.5,,9.5,81.0
FoG-STAR,1,3,62.5,28.5,13.0,81.0
FoG-STAR,1,4,1.0,,101.5,159.0
FoG-STAR,1,4,110.0,7.5,47.0,159.0
FoG-STAR,1,5,29.0,,4.5,40.5
FoG-STAR,2,1,51.0,,1.5,162.0
FoG-STAR,2,1,76.0,23.5,10.0,162.0
FoG-STAR,2,1,117.5,31.5,15.5,162.0
FoG-STAR,2,1,147.5,14.5,12.0,162.0
FoG-STAR,2,3,16.0,,25.5,186.0
FoG-STAR,2,3,52.0,10.5,5.0,186.0
FoG-STAR,2,3,61.5,4.5,5.5,186.0
FoG-STAR,2,3,80.0,13.0,2.5,186.0
FoG-STAR,2,3,86.0,3.5,12.0,186.0
FoG-STAR,2,3,138.5,40.5,24.0,186.0
FoG-STAR,2,3,171.0,8.5,15.0,186.0
FoG-STAR,2,4,5.0,,64.0,189.0
FoG-STAR,2,4,76.5,7.5,108.5,189.0
FoG-STAR,3,1,27.5,,4.0,118.0
FoG-STAR,3,1,45.0,13.5,10.5,118.0
FoG-STAR,3,1,100.0,44.5,13.5,118.0
FoG-STAR,3,3,44.5,,11.5,123.5
FoG-STAR,3,3,102.0,46.0,16.0,123.5
FoG-STAR,3,4,15.5,,24.0,63.5
FoG-STAR,3,4,46.5,7.0,7.5,63.5
FoG-STAR,4,1,93.5,,6.0,104.5
FoG-STAR,4,5,39.5,,4.5,50.5
FoG-STAR,5,3,1.5,,6.0,21.0
FoG-STAR,9,1,15.5,,2.5,37.5
FoG-STAR,9,1,29.0,11.0,3.5,37.5
FoG-STAR,9,2,13.0,,1.0,48.0
FoG-STAR,9,2,27.0,13.0,3.0,48.0
FoG-STAR,9,3,18.0,,2.5,52.0
FoG-STAR,9,3,33.0,12.5,3.5,52.0
FoG-STAR,9,3,50.0,13.5,2.0,52.0
FoG-STAR,9,4,15.0,,1.0,48.0
FoG-STAR,9,4,28.5,12.5,3.0,48.0
FoG-STAR,9,4,45.5,14.0,2.0,48.0
FoG-STAR,9,6,2.5,,6.5,22.0
FoG-STAR,9,6,10.5,1.5,10.0,22.0
FoG-STAR,11,1,33.5,,2.0,75.5
FoG-STAR,11,1,51.0,15.5,7.0,75.5
FoG-STAR,11,1,70.0,12.0,3.0,75.5
FoG-STAR,11,2,14.0,,2.5,53.5
FoG-STAR,11,2,24.0,7.5,8.0,53.5
FoG-STAR,11,2,45.5,13.5,5.5,53.5
FoG-STAR,11,3,19.5,,7.5,69.0
FoG-STAR,11,3,40.5,13.5,6.0,69.0
FoG-STAR,11,4,2.5,,16.0,32.0
FoG-STAR,12,1,46.0,,3.0,74.5
FoG-STAR,12,2,11.5,,5.0,87.5
FoG-STAR,12,3,56.0,,3.5,77.0
FoG-STAR,12,4,6.5,,40.5,48.0
FoG-STAR,13,3,31.5,,2.5,39.0
FoG-STAR,13,5,2.0,,5.0,24.5
FoG-STAR,13,5,12.5,5.5,12.0,24.5
FoG-STAR,15,1,29.5,,6.0,77.0
FoG-STAR,15,1,45.0,9.5,4.0,77.0
FoG-STAR,15,1,59.5,10.5,5.5,77.0
FoG-STAR,15,2,15.5,,7.0,45.5
FoG-STAR,15,3,18.0,,6.5,45.5
FoG-STAR,15,4,22.0,,4.0,41.0
FoG-STAR,15,4,39.0,13.0,2.0,41.0
FoG-STAR,15,5,5.0,,11.0,37.0
FoG-STAR,15,5,20.0,4.0,3.5,37.0
FoG-STAR,15,5,24.5,1.0,11.0,37.0
FoG-STAR,16,5,33.0,,1.0,50.0
FoG-STAR,17,1,7.0,,0.5,16.5
FoG-STAR,17,2,8.5,,2.0,33.5
FoG-STAR,17,2,17.0,6.5,1.0,33.5
FoG-STAR,17,2,25.0,7.0,1.0,33.5
FoG-STAR,17,2,33.0,7.0,0.5,33.5
FoG-STAR,19,1,21.5,,25.0,80.5
FoG-STAR,19,1,61.5,15.0,19.0,80.5
FoG-STAR,19,2,8.0,,20.0,77.5
FoG-STAR,19,2,37.0,9.0,14.0,77.5
FoG-STAR,19,2,63.5,12.5,14.0,77.5
FoG-STAR,19,3,68.0,,11.0,107.0
FoG-STAR,19,3,98.5,19.5,6.5,107.0
FoG-STAR,19,4,30.5,,40.0,99.5
FoG-STAR,19,4,73.5,3.0,14.5,99.5
FoG-STAR,20,2,46.0,,2.0,48.0
FoG-STAR,20,4,9.0,,2.5,90.0
FoG-STAR,20,4,15.5,4.0,5.0,90.0
FoG-STAR,20,4,31.5,11.0,1.5,90.0
FoG-STAR,20,4,66.5,33.5,5.0,90.0
FoG-STAR,20,4,87.0,15.5,1.0,90.0
FoG-STAR,21,1,15.5,,4.0,32.5
FoG-STAR,21,1,27.0,7.5,2.0,32.5
FoG-STAR,21,2,7.5,,2.0,22.5
FoG-STAR,21,2,16.5,7.0,4.0,22.5
FoG-STAR,21,3,8.0,,2.5,22.5
FoG-STAR,21,3,18.0,7.5,2.5,22.5
FoG-STAR,21,4,5.0,,1.0,32.0
FoG-STAR,21,4,12.0,6.0,4.0,32.0
FoG-STAR,21,4,23.5,7.5,6.5,32.0
FoG-STAR,21,5,9.5,,19.5,72.5
FoG-STAR,22,1,20.0,,7.0,46.5
FoG-STAR,22,1,44.5,17.5,2.0,46.5
FoG-STAR,22,2,22.5,,9.5,57.0
FoG-STAR,22,2,52.5,20.5,4.5,57.0
