subject,session,task,activity_at_onset,pre_seconds_available,pre_fog_%,pre_1_%,pre_7_%,pre_dominant,pre_3_%,pre_6_%
1,1,4,7,4.0,0.0,55.0,45.0,1,0.0,0.0
1,1,4,7,4.0,0.0,42.5,57.5,7,0.0,0.0
1,1,7,3,0.8,0.0,0.0,0.0,3,100.0,0.0
1,1,7,7,4.0,0.0,0.0,0.0,3,100.0,0.0
1,2,1,7,4.0,0.0,62.5,37.5,1,0.0,0.0
2,1,1,6,4.0,0.0,0.0,0.0,6,0.0,100.0
2,1,1,1,4.0,0.0,100.0,0.0,1,0.0,0.0
2,1,1,7,4.0,0.0,20.0,80.0,7,0.0,0.0
2,1,1,6,4.0,0.0,70.0,0.0,1,0.0,30.0
2,1,4,1,4.0,0.0,100.0,0.0,1,0.0,0.0
2,1,4,6,4.0,0.0,55.0,0.0,1,0.0,45.0
2,1,4,6,4.0,0.0,0.0,0.0,6,0.0,100.0
2,1,4,1,4.0,0.0,100.0,0.0,1,0.0,0.0
2,1,4,1,4.0,20.4,100.0,0.0,1,0.0,0.0
2,1,4,7,4.0,0.0,37.5,62.5,7,0.0,0.0
2,1,4,1,4.0,0.0,100.0,0.0,1,0.0,0.0
2,1,7,3,4.0,0.0,0.0,0.0,3,100.0,0.0
2,1,7,7,4.0,0.0,0.0,0.0,3,100.0,0.0
3,1,1,6,4.0,0.0,0.0,0.0,6,0.0,100.0
3,1,1,7,4.0,0.0,57.5,42.5,1,0.0,0.0
3,1,1,7,4.0,0.0,70.0,30.0,1,0.0,0.0
3,1,4,7,4.0,0.0,55.0,45.0,1,0.0,0.0
3,1,4,7,4.0,0.0,55.0,45.0,1,0.0,0.0
3,1,7,6,4.0,0.0,0.0,0.0,6,0.0,100.0
3,1,7,7,4.0,0.0,0.0,92.5,7,7.5,0.0
4,1,1,7,4.0,0.0,65.0,35.0,1,0.0,0.0
4,2,1,7,4.0,0.0,70.0,30.0,1,0.0,0.0
5,1,7,6,1.6,0.0,0.0,0.0,3,93.8,6.2
9,1,1,6,4.0,0.0,32.5,0.0,6,0.0,67.5
9,1,1,7,4.0,0.0,60.0,40.0,1,0.0,0.0
9,1,3,6,4.0,0.0,30.0,0.0,6,0.0,70.0
9,1,3,7,4.0,0.0,72.5,27.5,1,0.0,0.0
9,1,4,6,4.0,0.0,37.5,0.0,6,0.0,62.5
9,1,4,7,4.0,0.0,70.0,30.0,1,0.0,0.0
9,1,4,6,4.0,0.0,52.5,0.0,1,0.0,47.5
9,1,5,6,4.0,0.0,35.0,0.0,6,0.0,65.0
9,1,5,7,4.0,0.0,82.5,17.5,1,0.0,0.0
9,1,5,6,4.0,0.0,55.0,0.0,1,0.0,45.0
9,1,7,6,2.3,0.0,0.0,0.0,3,95.7,4.3
9,1,7,7,4.0,62.5,0.0,27.5,6,0.0,72.5
11,1,3,7,4.0,0.0,20.0,80.0,7,0.0,0.0
11,1,3,7,4.0,0.0,0.0,100.0,7,0.0,0.0
11,1,3,7,4.0,0.0,42.5,57.5,7,0.0,0.0
11,1,4,1,4.0,0.0,100.0,0.0,1,0.0,0.0
11,1,4,7,4.0,0.0,70.0,30.0,1,0.0,0.0
11,1,4,7,4.0,0.0,62.5,37.5,1,0.0,0.0
11,1,6,7,4.0,0.0,37.5,62.5,7,0.0,0.0
11,1,6,7,4.0,0.0,37.5,62.5,7,0.0,0.0
11,1,7,6,2.6,0.0,0.0,0.0,6,30.8,69.2
12,1,1,6,4.0,0.0,70.0,0.0,1,0.0,30.0
12,1,4,6,4.0,0.0,72.5,0.0,1,0.0,27.5
12,1,6,6,4.0,0.0,50.0,0.0,1,0.0,50.0
12,1,7,7,4.0,0.0,0.0,0.0,3,100.0,0.0
13,1,4,6,4.0,0.0,27.5,0.0,6,0.0,72.5
13,1,7,6,2.1,0.0,0.0,0.0,3,100.0,0.0
13,1,7,7,4.0,0.0,0.0,0.0,6,25.0,75.0
15,1,1,7,4.0,0.0,75.0,25.0,1,0.0,0.0
15,1,1,7,4.0,0.0,82.5,17.5,1,0.0,0.0
15,1,1,7,4.0,0.0,52.5,47.5,1,0.0,0.0
15,1,3,7,4.0,0.0,87.5,12.5,1,0.0,0.0
15,1,4,7,4.0,0.0,65.0,35.0,1,0.0,0.0
15,1,6,7,4.0,0.0,70.0,30.0,1,0.0,0.0
15,1,6,7,4.0,0.0,77.5,22.5,1,0.0,0.0
15,1,7,6,4.0,0.0,0.0,0.0,3,60.0,40.0
15,1,7,6,4.0,0.0,0.0,0.0,6,0.0,100.0
15,1,7,7,4.0,75.0,0.0,2.5,6,0.0,97.5
16,1,6,6,4.0,0.0,75.0,0.0,1,0.0,25.0
17,1,1,7,4.0,0.0,75.0,25.0,1,0.0,0.0
17,1,3,7,4.0,0.0,72.5,27.5,1,0.0,0.0
17,1,3,7,4.0,0.0,55.0,45.0,1,0.0,0.0
17,1,3,6,4.0,0.0,75.0,0.0,1,0.0,25.0
17,1,3,7,4.0,0.0,57.5,42.5,1,0.0,0.0
19,1,3,7,4.0,0.0,50.0,50.0,1,0.0,0.0
19,1,3,7,4.0,0.0,60.0,40.0,1,0.0,0.0
19,1,4,1,4.0,0.0,100.0,0.0,1,0.0,0.0
19,1,4,7,4.0,0.0,67.5,32.5,1,0.0,0.0
19,1,4,7,4.0,0.0,82.5,17.5,1,0.0,0.0
19,1,6,7,4.0,0.0,0.0,100.0,7,0.0,0.0
19,1,6,7,4.0,0.0,22.5,77.5,7,0.0,0.0
19,1,7,6,4.0,0.0,0.0,0.0,6,0.0,100.0
19,1,7,7,4.0,30.0,0.0,32.5,3,67.5,0.0
20,1,3,7,4.0,0.0,75.0,25.0,1,0.0,0.0
20,1,6,7,4.0,0.0,32.5,40.0,7,0.0,27.5
20,1,6,1,4.0,0.0,92.5,7.5,1,0.0,0.0
20,1,6,7,4.0,0.0,0.0,100.0,7,0.0,0.0
20,1,6,7,4.0,0.0,82.5,17.5,1,0.0,0.0
20,1,6,1,4.0,0.0,75.0,25.0,1,0.0,0.0
21,1,1,7,4.0,0.0,72.5,27.5,1,0.0,0.0
21,1,1,6,4.0,0.0,72.5,0.0,1,0.0,27.5
21,1,3,7,4.0,0.0,85.0,15.0,1,0.0,0.0
21,1,3,6,4.0,0.0,70.0,0.0,1,0.0,30.0
21,1,4,7,4.0,0.0,87.5,12.5,1,0.0,0.0
21,1,4,6,4.0,0.0,72.5,0.0,1,0.0,27.5
21,1,6,1,4.0,0.0,2.5,0.0,3,97.5,0.0
21,1,6,7,4.0,0.0,92.5,7.5,1,0.0,0.0
21,1,6,6,4.0,0.0,75.0,0.0,1,0.0,25.0
21,1,7,6,4.0,0.0,0.0,0.0,3,100.0,0.0
22,1,3,7,4.0,0.0,60.0,40.0,1,0.0,0.0
22,1,3,6,4.0,0.0,52.5,0.0,1,0.0,47.5
22,1,4,3,4.0,0.0,95.0,0.0,1,5.0,0.0
22,1,4,3,4.0,0.0,70.0,0.0,1,30.0,0.0
