theta_on,theta_off,pre_onset_%,timely_pre_onset_%,detected_%,false_alarms_per_hour,median_cue_off_delay_s
0.3,0.1,99.67,8.911,100.0,40.413,52.0
0.3,0.2,99.01,22.772,100.0,159.389,13.5
0.3,0.3,93.069,49.175,100.0,389.259,3.0
0.35,0.1,99.01,9.241,100.0,37.18,52.0
0.35,0.2,98.68,23.102,100.0,140.638,13.75
0.35,0.3,92.409,48.845,100.0,339.793,3.0
0.4,0.1,98.35,9.901,100.0,32.007,52.0
0.4,0.2,98.02,24.752,100.0,117.36,14.0
0.4,0.3,89.769,47.195,100.0,289.681,3.0
0.4,0.4,81.848,64.026,100.0,501.446,1.0
0.45,0.1,96.37,8.581,100.0,30.714,52.0
0.45,0.2,94.719,22.442,100.0,100.871,14.0
0.45,0.3,85.809,43.564,100.0,246.358,3.0
0.45,0.4,77.888,60.396,99.67,422.883,1.0
0.5,0.1,96.37,9.571,100.0,27.481,52.0
0.5,0.2,93.399,22.112,100.0,88.262,14.5
0.5,0.3,82.508,40.924,99.67,209.178,3.0
0.5,0.4,73.267,56.106,99.34,350.786,1.0
0.5,0.5,65.677,57.426,99.34,504.032,0.5
0.55,0.1,95.71,9.571,100.0,24.571,52.0
0.55,0.2,91.089,21.452,100.0,74.683,15.0
0.55,0.3,79.538,38.944,99.67,171.998,3.0
0.55,0.4,69.307,52.145,99.34,281.275,1.0
0.55,0.5,60.396,52.475,99.34,403.161,0.5
0.6,0.1,95.05,10.231,100.0,23.925,52.0
0.6,0.2,89.769,22.442,99.67,67.247,15.0
0.6,0.3,75.248,38.614,99.34,149.044,3.0
0.6,0.4,63.366,47.525,98.68,225.344,1.0
0.6,0.5,54.455,46.535,98.35,318.779,0.5
0.6,0.6,45.875,44.224,98.35,415.123,0.0
0.65,0.1,93.399,8.911,99.67,21.985,52.25
0.65,0.2,86.139,21.782,98.68,58.518,15.0
0.65,0.3,68.317,35.314,97.69,120.269,3.0
0.65,0.4,55.776,41.914,96.7,174.908,1.0
0.65,0.5,48.515,41.584,96.7,244.419,0.5
0.65,0.6,41.914,40.264,96.7,317.485,0.25
0.7,0.1,91.419,8.251,99.34,19.398,52.5
0.7,0.2,81.188,18.812,97.69,49.142,15.5
0.7,0.3,62.376,33.003,96.37,94.728,3.0
0.7,0.4,49.835,36.964,94.719,132.232,1.0
0.7,0.5,42.574,35.974,94.389,183.96,0.5
0.7,0.6,35.974,34.323,94.389,237.306,0.5
0.7,0.7,30.693,30.363,94.059,285.478,0.0
0.75,0.1,90.099,7.591,99.01,17.782,52.75
0.75,0.2,76.238,16.502,96.37,41.706,16.0
0.75,0.3,54.785,29.703,93.729,75.977,3.0
0.75,0.4,42.574,31.023,91.419,101.194,1.0
0.75,0.5,36.304,30.363,90.429,136.111,0.5
0.75,0.6,30.033,28.383,90.429,172.968,0.5
0.75,0.7,24.092,23.762,90.099,205.945,0.0
0.8,0.1,84.158,5.941,95.38,15.195,55.0
0.8,0.2,67.987,12.211,90.099,30.391,18.5
0.8,0.3,44.554,22.442,86.469,53.022,3.0
0.8,0.4,33.333,23.762,84.818,69.511,1.0
0.8,0.5,28.713,24.092,83.828,90.525,0.5
0.8,0.6,23.762,22.442,83.498,112.51,0.5
0.8,0.7,17.822,17.492,82.838,133.848,0.0
0.8,0.8,16.502,16.502,82.838,147.104,0.0
0.85,0.1,79.538,5.281,93.399,10.346,57.5
0.85,0.2,59.076,7.921,85.809,17.782,19.5
0.85,0.3,32.673,12.871,79.208,34.27,3.5
0.85,0.4,20.792,12.211,76.898,43.323,1.0
0.85,0.5,17.162,13.531,76.568,56.902,0.5
0.85,0.6,13.531,12.541,75.908,69.511,0.5
0.85,0.7,10.231,9.901,75.248,83.736,0.0
0.85,0.8,8.911,8.911,75.248,91.172,0.0
0.9,0.1,67.987,3.63,84.818,6.143,63.5
0.9,0.2,46.205,5.611,75.578,10.992,20.75
0.9,0.3,22.112,7.591,67.987,18.105,3.5
0.9,0.4,13.201,7.591,64.686,21.661,1.5
0.9,0.5,10.231,6.931,63.696,30.714,0.5
0.9,0.6,7.261,6.271,62.706,34.917,0.5
0.9,0.7,6.271,5.941,62.046,42.676,0.0
0.9,0.8,4.95,4.95,62.046,46.233,0.0
0.9,0.9,3.3,3.3,61.716,49.142,0.0
