dataset,subject,accuracy_rf,balanced_acc_rf,macro_F1_rf,recall_No-FoG_rf,recall_Pre-FoG_rf,recall_FoG_rf,recall_Post-FoG_rf,transition_recall_rf,accuracy_cnn05,balanced_acc_cnn05,macro_F1_cnn05,recall_No-FoG_cnn05,recall_Pre-FoG_cnn05,recall_FoG_cnn05,recall_Post-FoG_cnn05,transition_recall_cnn05,accuracy_lstm05,balanced_acc_lstm05,macro_F1_lstm05,recall_No-FoG_lstm05,recall_Pre-FoG_lstm05,recall_FoG_lstm05,recall_Post-FoG_lstm05,transition_recall_lstm05,accuracy_cnn2,balanced_acc_cnn2,macro_F1_cnn2,recall_No-FoG_cnn2,recall_Pre-FoG_cnn2,recall_FoG_cnn2,recall_Post-FoG_cnn2,transition_recall_cnn2,accuracy_lstm4,balanced_acc_lstm4,macro_F1_lstm4,recall_No-FoG_lstm4,recall_Pre-FoG_lstm4,recall_FoG_lstm4,recall_Post-FoG_lstm4,transition_recall_lstm4
DAPHNET,1,0.5513,0.3723,0.2668,0.5816,0.1778,0.6878,0.042,0.1099,0.3629,0.4547,0.242,0.3325,0.4333,0.9268,0.1261,0.2797,0.3513,0.4364,0.2328,0.3243,0.35,0.878,0.1933,0.2716,0.3842,0.4229,0.2349,0.3689,0.0444,0.9756,0.3025,0.1735,0.3582,0.4168,0.2269,0.3374,0.1944,0.9171,0.2185,0.2065
DAPHNET,2,0.67,0.323,0.3199,0.8039,0.1243,0.2597,0.1042,0.1142,0.7032,0.4127,0.3959,0.8157,0.2071,0.3674,0.2604,0.2338,0.3912,0.4053,0.2394,0.434,0.2959,0.058,0.8333,0.5646,0.7184,0.3959,0.3753,0.857,0.2959,0.2017,0.2292,0.2625,0.7131,0.3827,0.3213,0.877,0.1775,0.0387,0.4375,0.3075
DAPHNET,3,0.7087,0.3713,0.3707,0.8624,0.2115,0.3865,0.025,0.1182,0.6796,0.4665,0.4257,0.745,0.2085,0.7624,0.15,0.1792,0.6361,0.4516,0.4076,0.6907,0.2779,0.7004,0.1375,0.2077,0.7017,0.4757,0.4227,0.7582,0.2356,0.8652,0.0438,0.1397,0.6114,0.4226,0.3793,0.7022,0.3233,0.4025,0.2625,0.2929
DAPHNET,5,0.6316,0.3543,0.3597,0.8862,0.0992,0.3621,0.0697,0.0844,0.6292,0.3915,0.3951,0.8621,0.1793,0.3482,0.1762,0.1778,0.6199,0.3932,0.3954,0.8201,0.2257,0.4121,0.1148,0.1702,0.6184,0.4116,0.3899,0.8462,0.0844,0.3387,0.377,0.2307,0.6112,0.4767,0.4345,0.7943,0.3017,0.3024,0.5082,0.4049
DAPHNET,6,0.7626,0.3137,0.2887,0.8238,0.1139,0.2615,0.0556,0.0847,0.5314,0.3923,0.2998,0.5447,0.2025,0.4885,0.3333,0.2679,0.5156,0.3865,0.2877,0.5258,0.1899,0.5154,0.3148,0.2523,0.5709,0.3898,0.3078,0.5955,0.443,0.3538,0.1667,0.3049,0.5558,0.3928,0.3163,0.5802,0.2152,0.35,0.4259,0.3206
DAPHNET,7,0.6711,0.3596,0.3078,0.7451,0.1596,0.4379,0.096,0.1278,0.596,0.4001,0.3272,0.6442,0.117,0.6471,0.192,0.1545,0.3062,0.4165,0.2564,0.2807,0.3883,0.549,0.448,0.4181,0.445,0.4517,0.3229,0.4452,0.2181,0.8235,0.32,0.269,0.673,0.477,0.3928,0.7219,0.2553,0.5229,0.408,0.3317
DAPHNET,8,0.5214,0.3159,0.3125,0.6441,0.1339,0.4372,0.0482,0.0911,0.4227,0.4035,0.3336,0.3369,0.1786,0.701,0.3976,0.2881,0.3987,0.3406,0.279,0.283,0.0536,0.809,0.2169,0.1352,0.4591,0.4915,0.3897,0.3506,0.3929,0.7286,0.494,0.4434,0.4883,0.4439,0.3784,0.5354,0.2589,0.4271,0.5542,0.4066
DAPHNET,9,0.7463,0.3804,0.3942,0.9136,0.1759,0.3818,0.0503,0.1131,0.673,0.5181,0.4589,0.7336,0.1759,0.622,0.5409,0.3584,0.6707,0.5058,0.4552,0.7508,0.4491,0.4711,0.3522,0.4006,0.7523,0.5144,0.4982,0.8524,0.25,0.5903,0.3648,0.3074,0.7894,0.5814,0.5663,0.8801,0.2639,0.6406,0.5409,0.4024
Multimodal FoG,1,0.6355,0.4619,0.4518,0.6738,0.3,0.8212,0.0526,0.1763,0.4615,0.4494,0.3632,0.2236,0.7706,0.7769,0.0263,0.3985,0.3898,0.4657,0.3359,0.047,0.4941,0.7865,0.5351,0.5146,0.6116,0.4337,0.4094,0.6353,0.0118,0.8596,0.2281,0.1199,0.4216,0.5339,0.385,0.0499,0.6824,0.7981,0.6053,0.6438
Multimodal FoG,2,0.7551,0.3995,0.2314,0.7647,0.0,0.8333,0.0,0.0,0.2905,0.426,0.1548,0.2875,0.25,1.0,0.1667,0.2083,0.527,0.4449,0.1964,0.5294,0.25,1.0,0.0,0.125,0.567,0.3516,0.2329,0.5731,0.0,0.8333,0.0,0.0,0.7896,0.3979,0.2678,0.7998,0.125,0.6667,0.0,0.0625
Multimodal FoG,3,0.6426,0.4173,0.3635,0.582,0.2903,0.7552,0.0417,0.166,0.6106,0.3935,0.3634,0.3361,0.2742,0.7241,0.2396,0.2569,0.7455,0.3833,0.3925,0.1475,0.3011,0.9284,0.1562,0.2287,0.7423,0.3857,0.3869,0.1311,0.4032,0.9147,0.0938,0.2485,0.7148,0.5292,0.4825,0.2705,0.6183,0.8009,0.4271,0.5227
Multimodal FoG,4,0.6273,0.377,0.3506,0.7445,0.0583,0.7052,0.0,0.0292,0.6856,0.3987,0.3775,0.8358,0.05,0.709,0.0,0.025,0.6304,0.3911,0.3649,0.7311,0.05,0.7575,0.0256,0.0378,0.7384,0.3975,0.4025,0.9586,0.0417,0.5896,0.0,0.0208,0.6933,0.4169,0.3964,0.8491,0.0,0.6903,0.1282,0.0641
Multimodal FoG,6,0.557,0.3502,0.3418,0.6153,0.0862,0.6756,0.0238,0.055,0.5796,0.3802,0.3725,0.6261,0.1379,0.7093,0.0476,0.0928,0.3459,0.3444,0.277,0.1649,0.4943,0.639,0.0794,0.2868,0.7182,0.4298,0.4028,0.8,0.0345,0.8848,0.0,0.0172,0.5561,0.4288,0.3654,0.7964,0.0345,0.3048,0.5794,0.3069
Multimodal FoG,7,0.4847,0.3742,0.3082,0.9412,0.0482,0.5,0.0072,0.0277,0.6203,0.4624,0.4405,0.7265,0.3026,0.7988,0.0217,0.1622,0.5445,0.423,0.3879,0.8647,0.1974,0.6081,0.0217,0.1096,0.4993,0.405,0.3627,0.9206,0.0219,0.518,0.1594,0.0907,0.5488,0.5208,0.4751,0.8706,0.25,0.506,0.4565,0.3533
Multimodal FoG,8,0.6349,0.4634,0.461,0.6738,0.25,0.7454,0.1842,0.2171,0.5956,0.4333,0.4271,0.4619,0.2472,0.8091,0.2149,0.2311,0.6137,0.3978,0.3949,0.6101,0.1573,0.7844,0.0395,0.0984,0.6708,0.4118,0.379,0.8974,0.014,0.7357,0.0,0.007,0.4878,0.5189,0.3743,0.0662,0.559,0.7357,0.7149,0.637
Multimodal FoG,9,0.5208,0.3221,0.3202,0.7647,0.1304,0.3291,0.0641,0.0973,0.4899,0.3419,0.339,0.6754,0.1558,0.3761,0.1603,0.158,0.4179,0.3306,0.3208,0.5251,0.2609,0.312,0.2244,0.2426,0.4646,0.3381,0.335,0.598,0.4275,0.2308,0.0962,0.2618,0.3138,0.3015,0.2408,0.2996,0.663,0.0128,0.2308,0.4469
Multimodal FoG,10,0.6105,0.3958,0.392,0.435,0.1767,0.891,0.0806,0.1287,0.5327,0.3926,0.3468,0.1691,0.2105,0.9112,0.2796,0.245,0.5274,0.3827,0.3319,0.1447,0.3534,0.9145,0.1183,0.2358,0.514,0.3948,0.3258,0.1195,0.1203,0.9093,0.4301,0.2752,0.5688,0.4652,0.4023,0.2252,0.3083,0.908,0.4194,0.3638
Multimodal FoG,11,0.5633,0.3769,0.3543,0.6156,0.0756,0.8002,0.0163,0.0459,0.4229,0.3755,0.3278,0.1533,0.1744,0.7558,0.4185,0.2964,0.5,0.3934,0.3761,0.2712,0.2936,0.8457,0.163,0.2283,0.4358,0.3829,0.3569,0.3113,0.1453,0.6564,0.4185,0.2819,0.3501,0.3417,0.3194,0.3137,0.3401,0.3922,0.3207,0.3304
Multimodal FoG,12,0.4094,0.3303,0.2722,0.3187,0.1778,0.7581,0.0667,0.1222,0.4046,0.3261,0.2669,0.3033,0.2,0.7846,0.0167,0.1083,0.2312,0.2909,0.1535,0.0167,0.2333,0.8801,0.0333,0.1333,0.328,0.3375,0.2233,0.1227,0.0667,0.9939,0.1667,0.1167,0.2389,0.3284,0.2293,0.1199,0.4222,0.5549,0.2167,0.3194
