dataset,subject,prevalence,AUPRC_A,AUPRC_B,AUROC_A,AUROC_B
DAPHNET,1,0.1326,0.2537,0.2364,0.7226,0.7049
DAPHNET,2,0.2216,0.3906,0.4061,0.7454,0.752
DAPHNET,3,0.2624,0.5936,0.5853,0.8452,0.8418
DAPHNET,5,0.3964,0.7425,0.7224,0.8475,0.8344
DAPHNET,6,0.0987,0.2042,0.2057,0.7152,0.7179
DAPHNET,7,0.1447,0.2725,0.2593,0.7275,0.7122
DAPHNET,8,0.3851,0.4842,0.4884,0.6164,0.6134
DAPHNET,9,0.2621,0.6476,0.6391,0.8436,0.8408
Multimodal FoG,1,0.5339,0.8081,0.8212,0.7798,0.8034
Multimodal FoG,2,0.0186,0.0797,0.0602,0.7999,0.781
Multimodal FoG,3,0.922,0.9779,0.9736,0.8026,0.779
Multimodal FoG,4,0.3618,0.6424,0.6031,0.7205,0.7018
Multimodal FoG,6,0.4769,0.6947,0.6818,0.7356,0.7148
Multimodal FoG,7,0.7522,0.9131,0.905,0.7797,0.7578
Multimodal FoG,8,0.6584,0.884,0.8762,0.817,0.797
Multimodal FoG,9,0.4205,0.5223,0.5586,0.6177,0.662
Multimodal FoG,10,0.6173,0.8131,0.8158,0.7624,0.7623
Multimodal FoG,11,0.6348,0.7814,0.7777,0.7118,0.7028
Multimodal FoG,12,0.3092,0.5212,0.485,0.7101,0.6643
FoG-STAR,1,0.5792,0.7814,0.7898,0.7476,0.7363
FoG-STAR,2,0.6716,0.7512,0.7563,0.6113,0.6113
FoG-STAR,3,0.403,0.6181,0.5733,0.7286,0.6985
FoG-STAR,4,0.0762,0.0996,0.0848,0.6047,0.5138
FoG-STAR,5,0.0673,0.215,0.2452,0.7692,0.8026
FoG-STAR,9,0.41,0.5137,0.5288,0.6078,0.6168
FoG-STAR,11,0.513,0.652,0.6092,0.6321,0.6194
FoG-STAR,12,0.2718,0.3552,0.3672,0.6351,0.6469
FoG-STAR,13,0.1863,0.2884,0.3174,0.6543,0.6462
FoG-STAR,15,0.4756,0.582,0.5712,0.6074,0.6134
FoG-STAR,16,0.0362,0.0345,0.0476,0.4762,0.6014
FoG-STAR,17,0.4479,0.453,0.4784,0.4758,0.5195
FoG-STAR,19,0.5926,0.8431,0.783,0.8064,0.7458
FoG-STAR,20,0.25,0.2934,0.3039,0.5604,0.5831
FoG-STAR,21,0.6264,0.6583,0.6704,0.4948,0.5226
FoG-STAR,22,0.4348,0.5083,0.5111,0.552,0.6045
