method,subject,cue_sensitivity,cue_specificity,cue_precision,cue_f1,balanced_acc,episodes,predicted_before_onset_%,detected_%,median_lead_time_s,false_alarms_per_hour,median_cue_off_delay_s,timely_pre_onset_%
C0 Shank,1,0.975,0.058,0.543,0.697,0.517,22,95.455,100.0,59.0,23.904,66.25,0.0
C0 Shank,2,0.7,0.693,0.041,0.078,0.696,1,100.0,100.0,1.0,201.117,3.0,100.0
C0 Shank,3,0.968,0.361,0.947,0.957,0.664,30,96.667,100.0,20.0,0.0,41.0,13.333
C0 Shank,4,0.687,0.837,0.705,0.696,0.762,15,40.0,93.333,12.25,27.95,2.0,13.333
C0 Shank,5,0.0,0.523,0.0,0.0,0.261,0,0.0,0.0,0.0,305.882,0.0,0.0
C0 Shank,6,0.856,0.546,0.632,0.727,0.701,22,63.636,100.0,5.5,64.467,8.0,27.273
C0 Shank,7,0.62,0.947,0.973,0.757,0.784,30,36.667,93.333,2.0,10.496,1.5,33.333
C0 Shank,8,0.902,0.55,0.794,0.845,0.726,47,82.979,100.0,5.5,28.507,9.5,31.915
C0 Shank,9,0.773,0.432,0.497,0.605,0.603,38,73.684,92.105,9.75,31.818,10.0,10.526
C0 Shank,10,0.992,0.076,0.634,0.774,0.534,35,100.0,100.0,44.5,11.201,41.0,2.857
C0 Shank,11,0.931,0.331,0.708,0.804,0.631,51,90.196,98.039,15.75,40.31,12.5,17.647
C0 Shank,12,0.978,0.167,0.344,0.51,0.572,12,91.667,100.0,19.0,41.618,35.0,16.667
C1 Shank,1,1.0,0.041,0.544,0.705,0.521,22,100.0,100.0,172.5,9.562,159.5,0.0
C1 Shank,2,0.8,0.473,0.028,0.054,0.637,1,100.0,100.0,1.0,73.743,6.0,100.0
C1 Shank,3,0.981,0.385,0.95,0.965,0.683,30,93.333,100.0,97.5,0.0,80.75,6.667
C1 Shank,4,0.721,0.674,0.556,0.628,0.697,15,40.0,93.333,15.75,72.671,3.5,0.0
C1 Shank,5,0.0,0.503,0.0,0.0,0.252,0,0.0,0.0,0.0,211.765,0.0,0.0
C1 Shank,6,0.672,0.747,0.708,0.689,0.709,22,9.091,100.0,12.75,40.716,5.5,0.0
C1 Shank,7,0.645,0.882,0.943,0.766,0.764,30,26.667,90.0,2.0,5.248,2.5,16.667
C1 Shank,8,0.882,0.535,0.785,0.831,0.708,47,61.702,100.0,28.5,20.362,12.75,14.894
C1 Shank,9,0.881,0.254,0.461,0.606,0.568,38,84.211,97.368,20.5,9.091,18.0,5.263
C1 Shank,10,0.981,0.178,0.658,0.788,0.579,35,94.286,100.0,19.5,31.363,18.5,20.0
C1 Shank,11,0.864,0.197,0.652,0.743,0.531,51,78.431,98.039,14.75,27.907,13.0,9.804
C1 Shank,12,0.997,0.116,0.336,0.502,0.557,12,100.0,100.0,194.75,6.936,122.0,0.0
C2 Shank,1,0.97,0.164,0.571,0.719,0.567,22,90.909,100.0,158.0,9.562,160.5,0.0
C2 Shank,2,0.8,0.473,0.028,0.054,0.637,1,100.0,100.0,1.0,73.743,6.0,100.0
C2 Shank,3,0.981,0.115,0.929,0.954,0.548,30,93.333,100.0,126.5,0.0,205.5,6.667
C2 Shank,4,0.672,0.826,0.686,0.679,0.749,15,40.0,80.0,19.5,44.72,7.5,6.667
C2 Shank,5,0.0,0.07,0.0,0.0,0.035,0,0.0,0.0,0.0,105.882,0.0,0.0
C2 Shank,6,0.621,0.787,0.727,0.67,0.704,22,13.636,95.455,6.5,33.93,5.5,0.0
C2 Shank,7,0.471,0.956,0.97,0.634,0.713,30,13.333,80.0,1.5,5.248,1.5,10.0
C2 Shank,8,0.869,0.454,0.754,0.808,0.662,47,57.447,97.872,59.5,12.217,18.5,4.255
C2 Shank,9,0.641,0.467,0.466,0.54,0.554,38,63.158,71.053,30.0,0.0,25.75,5.263
C2 Shank,10,0.776,0.73,0.823,0.798,0.753,35,42.857,100.0,2.0,125.451,2.0,28.571
C2 Shank,11,0.673,0.249,0.609,0.639,0.461,51,66.667,70.588,53.75,0.0,37.25,3.922
C2 Shank,12,1.0,0.128,0.339,0.507,0.564,12,100.0,100.0,194.0,6.936,131.25,0.0
C1 Trunk,1,1.0,0.04,0.544,0.705,0.52,22,100.0,100.0,174.25,9.562,160.5,0.0
C1 Trunk,2,1.0,0.371,0.029,0.057,0.685,1,100.0,100.0,10.0,67.039,4.0,0.0
C1 Trunk,3,0.865,0.631,0.965,0.913,0.748,30,63.333,80.0,37.0,0.0,28.0,3.333
C1 Trunk,9,0.578,0.861,0.75,0.653,0.719,38,55.263,89.474,3.5,36.364,2.5,34.211
C1 Trunk,10,0.995,0.106,0.642,0.781,0.551,35,97.143,100.0,55.0,13.441,61.0,2.857
C1 Trunk,12,0.994,0.108,0.333,0.499,0.551,12,100.0,100.0,97.5,20.809,95.5,8.333
C1 Shank+waist,1,1.0,0.041,0.544,0.705,0.521,22,100.0,100.0,174.25,9.562,160.5,0.0
C1 Shank+waist,2,0.95,0.152,0.021,0.041,0.551,1,100.0,100.0,15.5,194.413,2.5,0.0
C1 Shank+waist,3,0.877,0.631,0.966,0.919,0.754,30,56.667,93.333,17.5,0.0,10.25,6.667
C1 Shank+waist,9,0.327,0.833,0.588,0.42,0.58,38,26.316,44.737,12.75,9.091,8.5,7.895
C1 Shank+waist,10,0.987,0.276,0.688,0.81,0.632,35,97.143,100.0,20.25,22.402,24.0,14.286
C1 Shank+waist,12,0.988,0.174,0.349,0.515,0.581,12,100.0,100.0,69.5,10.405,72.0,8.333
