method,subject,cue_sensitivity,cue_specificity,cue_precision,cue_f1,balanced_acc,episodes,predicted_before_onset_%,detected_%,median_lead_time_s,false_alarms_per_hour,median_cue_off_delay_s
RF (per-window),1,0.732,0.582,0.211,0.328,0.657,23,60.87,100.0,2.0,1008.0,1.0
RF (per-window),2,0.453,0.804,0.397,0.423,0.628,24,33.333,95.833,0.5,679.293,0.0
RF (per-window),3,0.533,0.862,0.579,0.555,0.698,48,47.917,93.75,1.0,406.567,0.5
RF (per-window),4,0.0,0.797,0.0,0.0,0.399,0,0.0,0.0,0.0,791.304,0.0
RF (per-window),5,0.454,0.886,0.724,0.558,0.67,66,50.0,95.455,1.0,339.33,0.5
RF (per-window),6,0.473,0.824,0.227,0.307,0.649,10,40.0,90.0,1.75,828.543,0.0
RF (per-window),7,0.547,0.745,0.266,0.358,0.646,24,70.833,95.833,1.0,986.087,0.5
RF (per-window),8,0.553,0.644,0.493,0.521,0.599,14,71.429,100.0,1.5,818.182,0.0
RF (per-window),9,0.444,0.914,0.646,0.526,0.679,27,77.778,100.0,1.0,297.931,0.0
RF (per-window),10,0.0,0.864,0.0,0.0,0.432,0,0.0,0.0,0.0,726.457,0.0
HMM forward (causal),1,0.635,0.799,0.326,0.43,0.717,23,47.826,60.87,9.5,79.579,4.25
HMM forward (causal),2,0.061,1.0,0.974,0.114,0.53,24,0.0,12.5,0.0,2.544,1.0
HMM forward (causal),3,0.299,0.985,0.877,0.446,0.642,48,22.917,43.75,2.5,5.373,6.0
HMM forward (causal),4,0.0,0.996,0.0,0.0,0.498,0,0.0,0.0,0.0,5.217,0.0
HMM forward (causal),5,0.078,0.995,0.908,0.143,0.536,66,1.515,21.212,1.0,6.89,1.5
HMM forward (causal),6,0.046,1.0,1.0,0.088,0.523,10,10.0,30.0,1.5,0.0,0.0
HMM forward (causal),7,0.139,0.987,0.637,0.229,0.563,24,8.333,20.833,2.0,15.652,1.5
HMM forward (causal),8,0.379,0.976,0.907,0.535,0.678,14,35.714,78.571,2.5,28.052,1.0
HMM forward (causal),9,0.152,0.989,0.832,0.258,0.571,27,7.407,37.037,1.25,4.138,0.75
HMM forward (causal),10,0.0,1.0,0.0,0.0,0.5,0,0.0,0.0,0.0,0.0,0.0
E4 Shank,1,0.885,0.487,0.209,0.338,0.686,23,82.609,95.652,12.5,92.842,10.5
E4 Shank,2,0.721,0.665,0.38,0.497,0.693,24,62.5,95.833,3.0,251.873,3.0
E4 Shank,3,0.765,0.828,0.613,0.68,0.796,48,77.083,87.5,6.0,85.97,6.5
E4 Shank,4,0.0,0.738,0.0,0.0,0.369,0,0.0,0.0,0.0,86.957,0.0
E4 Shank,5,0.625,0.916,0.831,0.713,0.771,66,74.242,90.909,2.5,58.565,1.5
E4 Shank,6,0.471,0.914,0.375,0.418,0.692,10,40.0,70.0,9.25,28.945,3.5
E4 Shank,7,0.906,0.425,0.21,0.341,0.665,24,100.0,100.0,7.75,259.379,6.0
E4 Shank,8,0.823,0.304,0.425,0.561,0.564,14,92.857,100.0,10.5,135.584,12.5
E4 Shank,9,0.658,0.888,0.676,0.667,0.773,27,88.889,100.0,2.5,115.862,1.0
E4 Shank,10,0.0,0.682,0.0,0.0,0.341,0,0.0,0.0,0.0,217.937,0.0
E4 Trunk,1,0.879,0.504,0.213,0.343,0.691,23,86.957,91.304,8.75,134.526,12.5
E4 Trunk,2,0.71,0.816,0.524,0.603,0.763,24,58.333,91.667,3.75,228.975,1.5
E4 Trunk,3,0.885,0.754,0.562,0.688,0.82,48,93.75,97.917,10.0,136.119,8.0
E4 Trunk,4,0.0,0.865,0.0,0.0,0.433,0,0.0,0.0,0.0,59.13,0.0
E4 Trunk,5,0.773,0.817,0.735,0.754,0.795,66,84.848,98.485,3.0,84.402,3.25
E4 Trunk,6,0.372,0.818,0.183,0.245,0.595,10,50.0,80.0,2.0,57.889,9.75
E4 Trunk,7,0.856,0.458,0.211,0.339,0.657,24,87.5,95.833,7.0,353.292,5.25
E4 Trunk,8,0.907,0.19,0.412,0.567,0.549,14,100.0,100.0,30.25,126.234,9.0
E4 Trunk,9,0.489,0.965,0.832,0.616,0.727,27,22.222,77.778,2.0,28.966,0.5
E4 Trunk,10,0.0,0.804,0.0,0.0,0.402,0,0.0,0.0,0.0,205.022,0.0
